{
  "numNodes": 8,
  "loc_ids": [
    "loc0",
    "loc1",
    "loc2",
    "loc3",
    "loc4",
    "loc5",
    "loc6",
    "loc7"
  ],
  "distance": [
    [
      0,
      68.262,
      58.493,
      234.233,
      157.275,
      230.117,
      656.132,
      108.679
    ],
    [
      68.262,
      0,
      24.302,
      166.294,
      95.279,
      162.127,
      703.504,
      68.121
    ],
    [
      58.493,
      24.302,
      0,
      178.583,
      98.81,
      174.631,
      679.801,
      55.353
    ],
    [
      234.233,
      166.294,
      178.583,
      0,
      90.373,
      4.425,
      819.063,
      153.952
    ],
    [
      157.275,
      95.279,
      98.81,
      90.373,
      0,
      87.391,
      731.915,
      63.876
    ],
    [
      230.117,
      162.127,
      174.631,
      4.425,
      87.391,
      0,
      816.933,
      150.779
    ],
    [
      656.132,
      703.504,
      679.801,
      819.063,
      731.915,
      816.933,
      0,
      673.805
    ],
    [
      108.679,
      68.121,
      55.353,
      153.952,
      63.876,
      150.779,
      673.805,
      0
    ]
  ],
  "durations": [
    [
      0,
      164,
      140,
      562,
      377,
      552,
      1575,
      261
    ],
    [
      164,
      0,
      58,
      399,
      229,
      389,
      1688,
      163
    ],
    [
      140,
      58,
      0,
      429,
      237,
      419,
      1632,
      133
    ],
    [
      562,
      399,
      429,
      0,
      217,
      11,
      1966,
      369
    ],
    [
      377,
      229,
      237,
      217,
      0,
      210,
      1757,
      153
    ],
    [
      552,
      389,
      419,
      11,
      210,
      0,
      1961,
      362
    ],
    [
      1575,
      1688,
      1632,
      1966,
      1757,
      1961,
      0,
      1617
    ],
    [
      261,
      163,
      133,
      369,
      153,
      362,
      1617,
      0
    ]
  ],
  "max_weight": [
    5500,
    5000,
    4500,
    3500,
    1200,
    600
  ],
  "max_volume": [
    777,
    706,
    635,
    425,
    265,
    106
  ],
  "fixedCostPerVehicle": [
    10000,
    14000,
    16000,
    20000,
    25000,
    40000
  ],
  "perKmCostPerVehicle": [
    37.333333333333336,
    25.666666666666668,
    29.166666666666668,
    15.166666666666666,
    22.166666666666668,
    32.666666666666664
  ],
  "weight_matrix": [
    0,
    0.005,
    0.02,
    0.005,
    0.005,
    0.02,
    0.003,
    0.04,
    0.03,
    0.02,
    0.025,
    0.02,
    0.06,
    0.005,
    0.009000000000000001,
    0.005,
    0.009000000000000001,
    0.009000000000000001,
    0.005,
    0.005,
    0.003,
    0.005,
    0.005,
    0.005,
    0.008,
    0.005,
    0.005,
    0.005,
    0.005,
    0.005,
    0.005,
    0.005,
    0.005,
    0.005,
    0.01,
    0.01,
    0.02,
    0.02,
    0.03,
    0.01,
    0.005,
    0.025,
    0.02,
    0.007,
    0.003,
    0.005,
    0.025,
    0.02,
    0.015,
    0.005,
    0.015,
    0.05,
    0.001,
    0.009000000000000001,
    0.005,
    0.035,
    0.01,
    0.01,
    0.015,
    0.002,
    0.003,
    0.003,
    0.008,
    0.003,
    0.005,
    0.008,
    0.003,
    0.005,
    0.028,
    0.005,
    0.003,
    0.002,
    0.002,
    0.023,
    0.003,
    0.005,
    0.004
  ],
  "volume_matrix": [
    0,
    11.83,
    36.74,
    9.004999999999999,
    13.420000000000002,
    34.620000000000005,
    5.1930000000000005,
    114.44000000000001,
    84.75,
    24.72,
    42.375,
    63.56,
    89.03999999999999,
    14.305000000000001,
    16.533,
    7.595000000000001,
    15.579,
    11.124,
    7.945,
    8.475,
    7.098000000000001,
    14.125,
    19.955000000000002,
    15.184999999999999,
    14.696,
    18.365000000000002,
    14.835,
    8.3,
    8.655000000000001,
    14.125,
    6.18,
    7.945,
    7.42,
    14.125,
    23.66,
    18.37,
    34.620000000000005,
    31.78,
    37.08,
    16.95,
    15.89,
    35.325,
    56.5,
    27.937,
    11.973,
    9.185,
    45.925,
    73.46000000000001,
    44.505,
    8.3,
    25.965,
    167.75,
    2.825,
    25.425,
    7.945,
    43.26,
    16.95,
    14.13,
    42.375,
    4.308,
    5.511,
    3.4979999999999998,
    14.696,
    8.901,
    8.3,
    13.848,
    8.475000000000001,
    7.945,
    34.608,
    6.535,
    7.098000000000001,
    2.332,
    5.934,
    28.428,
    4.452,
    7.065,
    11.3
  ],
  "location_matrix": [
    "loc0",
    "loc6",
    "loc6",
    "loc6",
    "loc6",
    "loc6",
    "loc6",
    "loc6",
    "loc6",
    "loc6",
    "loc6",
    "loc6",
    "loc6",
    "loc6",
    "loc2",
    "loc2",
    "loc2",
    "loc2",
    "loc2",
    "loc2",
    "loc2",
    "loc2",
    "loc7",
    "loc7",
    "loc7",
    "loc7",
    "loc7",
    "loc7",
    "loc7",
    "loc7",
    "loc7",
    "loc7",
    "loc7",
    "loc7",
    "loc1",
    "loc1",
    "loc1",
    "loc1",
    "loc1",
    "loc1",
    "loc1",
    "loc1",
    "loc1",
    "loc3",
    "loc3",
    "loc3",
    "loc3",
    "loc3",
    "loc3",
    "loc3",
    "loc3",
    "loc3",
    "loc3",
    "loc3",
    "loc3",
    "loc3",
    "loc3",
    "loc3",
    "loc3",
    "loc5",
    "loc5",
    "loc5",
    "loc5",
    "loc5",
    "loc5",
    "loc5",
    "loc5",
    "loc5",
    "loc5",
    "loc5",
    "loc5",
    "loc4",
    "loc4",
    "loc4",
    "loc4",
    "loc4",
    "loc4"
  ]
}